{
  "kernel": "hexkl_attention",
  "arch": "v75",
  "n_orderings": 51,
  "weights": {
    "DecomposeTensorConcat": 3.9075633616414986,
    "MatmulToHexKL": 3.621526501663582,
    "AddFastMath": 3.4521470590062213,
    "SCFThreading": 3.279317361806425,
    "HexagonSlicing": 3.212833613770577,
    "FormVirtualThreads": 3.123646626984172,
    "ConvTiling": 3.089382077782765,
    "LICM": 3.0844168797849987,
    "ConvertLayout": 2.9044935209941234,
    "HexagonVectorization": 2.8542797340420574,
    "HexagonFusion": 2.768222051228908,
    "HoistScalarOps": 2.7616495211871097,
    "VTCMTiling": 2.7143567267092847,
    "LinalgGeneralize": 2.5002267885396785,
    "HexagonTiling": 2.458541442638087,
    "SmallExponentToMultiply": 2.4543347207194595,
    "ScheduleMatmulForHVX": 2.4377432674984707,
    "HexagonRVO": 2.4184422225008526
  },
  "correlations": {
    "SmallExponentToMultiply": 0.18188842642684683,
    "SCFThreading": -0.09310578726880833,
    "ConvertLayout": 0.03183549300195888,
    "MatmulToHexKL": -0.20717550055452733,
    "DecomposeTensorConcat": -0.30252112054716623,
    "ScheduleMatmulForHVX": 0.18741891083384313,
    "ConvTiling": -0.029794025927588348,
    "LinalgGeneralize": 0.16659107048677388,
    "HexagonSlicing": -0.07094453792352572,
    "HexagonRVO": 0.19385259249971576,
    "HexagonFusion": 0.07725931625703063,
    "HexagonTiling": 0.18048618578730433,
    "HoistScalarOps": 0.07945015960429666,
    "VTCMTiling": 0.09521442443023848,
    "LICM": -0.02813895992833284,
    "HexagonVectorization": 0.04857342198598085,
    "FormVirtualThreads": -0.0412155423280573,
    "AddFastMath": -0.15071568633540705
  },
  "kendall_tau": -0.1391710554303927,
  "kendall_p": 0.15647574580354362,
  "predicted_best": "rand_000",
  "predicted_pcycles": 3391513,
  "actual_best": "rand_017",
  "actual_pcycles": 3287851,
  "default_pcycles": 3390892
}