{
  "kernel": "add_2d_kernel",
  "arch": "v75",
  "n_orderings": 51,
  "weights": {
    "FormVirtualThreads": 3.499168975415585,
    "AddFastMath": 3.3819653335457054,
    "SCFThreading": 3.336813043399453,
    "ConvTiling": 3.3296844732535993,
    "DecomposeTensorConcat": 3.3096511097479846,
    "HexagonSlicing": 3.2978361104028457,
    "HoistScalarOps": 3.265411205269086,
    "HexagonFusion": 3.2286344328348315,
    "LICM": 3.2035138399223566,
    "HexagonTiling": 3.140227264417902,
    "SmallExponentToMultiply": 3.0444248940441883,
    "HexagonVectorization": 3.0403816335715375,
    "MatmulToHexKL": 2.8846301632426066,
    "ConvertLayout": 2.612558897840565,
    "LinalgGeneralize": 2.5879436405563134,
    "ScheduleMatmulForHVX": 2.434837805162579,
    "HexagonRVO": 2.303719177386453,
    "VTCMTiling": 2.0821409540428495
  },
  "correlations": {
    "ScheduleMatmulForHVX": 0.18838739827914022,
    "MatmulToHexKL": 0.038456612252464425,
    "DecomposeTensorConcat": -0.10321703658266153,
    "SCFThreading": -0.11227101446648455,
    "SmallExponentToMultiply": -0.014808298014729483,
    "ConvertLayout": 0.12914703405314495,
    "LinalgGeneralize": 0.13735211981456213,
    "VTCMTiling": 0.30595301531905017,
    "FormVirtualThreads": -0.16638965847186166,
    "HexagonSlicing": -0.09927870346761515,
    "HexagonRVO": 0.23209360753784894,
    "ConvTiling": -0.1098948244178664,
    "HexagonFusion": -0.07621147761161054,
    "HexagonTiling": -0.04674242147263392,
    "HoistScalarOps": -0.08847040175636206,
    "LICM": -0.0678379466407855,
    "HexagonVectorization": -0.013460544523845768,
    "AddFastMath": -0.12732177784856838
  },
  "kendall_tau": -0.2998153705800802,
  "kendall_p": 0.00225025373489994,
  "predicted_best": "rand_039",
  "predicted_pcycles": 3389698,
  "actual_best": "rand_046",
  "actual_pcycles": 3306745,
  "default_pcycles": 3389614
}